"","X","ANVR","ARBE","DELI","DEOB","DIG2","DIG3","DYOB","EUPU","GAER","MIMI","PIGR","RHHA","SIXE","SOOD","SPJU","STBI","SYAD","TEFL","VAMY","VEAN","ARG1","CRRO","DIG1","GADU","HYWR","LIEG","SCIT","SYDU","TRUR","DECI","DEST","HYSU","LERE","MUG1","ASGR","RHRE","RUCU","SYCO","TESP","CHMA","SCTE","TRSM","CHNC","ORLU","SOSE","DAAL","RISC","SCCI","ACGR","SONU","CLMA","ERHR","CEVI","DE01","DEFL","RHCO","SPCL","STHU","TEVI","GAPI","GL01","GYAM","HOPR","PHHE","PRSE","RHDI","RUCA","DIVR","HIGR","PICA","QUIN","SMBO","ENSE","PTPS","VISE","IPPA","HAQU","HYHY","ANVI","DIAI","IOLI","SAAL","STSY","CRAR","DISP","ELEL","TOPU","TRDI","EUAL","PAVI","CRGL","CRCR","PASE","LEAN","LEMI","PONA","RHTO","SOTO","DIST","SOVR","X102","MURO","QUG1","RHCU","SMSM","EUCL","PAQU","CNST","ASTU","OEFR","PNG1","XX01","QUVI","STUM","LG01","OX01","PHUR","PIPA","EUHE","LEVR","DIEN","DR01","HEAN","HYCR","EDUN","RHAL","RHMA","EUHY","MOCE","RUHN","ASVE","GANA","HERA","AGAR","BREU","CRPU","SALY","COEA","CYFI","SMAU","QUNI","ASSP","GAAE","CIHO"
"1","FOJ.3",4,3,2,1,1,3,2,1,1,2,3,1,2,1,2,1,1,2,1,1,0,0,0,0,0,0,0,0,0,0,0,0,0,0,0,0,0,0,0,0,0,0,0,0,0,0,0,0,0,0,0,0,0,0,0,0,0,0,0,0,0,0,0,0,0,0,0,0,0,0,0,0,0,0,0,0,0,0,0,0,0,0,0,0,0,0,0,0,0,0,0,0,0,0,0,0,0,0,0,0,0,0,0,0,0,0,0,0,0,0,0,0,0,0,0,0,0,0,0,0,0,0,0,0,0,0,0,0,0,0,0,0,0,0,0,0,0,0,0,0,0,0,0,0
"2","FOJ.4",4,2,3,0,0,2,2,1,1,2,3,0,1,1,0,1,2,1,2,1,2,1,2,1,1,1,1,2,1,0,0,0,0,0,0,0,0,0,0,0,0,0,0,0,0,0,0,0,0,0,0,0,0,0,0,0,0,0,0,0,0,0,0,0,0,0,0,0,0,0,0,0,0,0,0,0,0,0,0,0,0,0,0,0,0,0,0,0,0,0,0,0,0,0,0,0,0,0,0,0,0,0,0,0,0,0,0,0,0,0,0,0,0,0,0,0,0,0,0,0,0,0,0,0,0,0,0,0,0,0,0,0,0,0,0,0,0,0,0,0,0,0,0,0
"3","FOJ.5",5,3,4,0,0,3,2,1,1,2,2,0,1,0,0,2,0,1,0,0,0,1,2,0,1,1,1,1,0,2,1,1,2,1,1,1,3,1,2,0,0,0,0,0,0,0,0,0,0,0,0,0,0,0,0,0,0,0,0,0,0,0,0,0,0,0,0,0,0,0,0,0,0,0,0,0,0,0,0,0,0,0,0,0,0,0,0,0,0,0,0,0,0,0,0,0,0,0,0,0,0,0,0,0,0,0,0,0,0,0,0,0,0,0,0,0,0,0,0,0,0,0,0,0,0,0,0,0,0,0,0,0,0,0,0,0,0,0,0,0,0,0,0,0
"4","FOJ.6",1,3,2,0,1,0,3,1,1,2,3,1,1,0,0,1,1,0,0,1,1,1,2,0,1,0,1,0,0,0,1,1,0,0,0,0,1,2,0,2,3,1,0,0,0,0,0,0,0,0,0,0,0,0,0,0,0,0,0,0,0,0,0,0,0,0,0,0,0,0,0,0,0,0,0,0,0,0,0,0,0,0,0,0,0,0,0,0,0,0,0,0,0,0,0,0,0,0,0,0,0,0,0,0,0,0,0,0,0,0,0,0,0,0,0,0,0,0,0,0,0,0,0,0,0,0,0,0,0,0,0,0,0,0,0,0,0,0,0,0,0,0,0,0
"5","FOJ.1",3,3,2,0,0,1,2,1,1,3,3,1,1,0,0,1,1,1,0,2,0,0,0,0,1,2,1,0,0,1,0,0,0,0,0,1,1,0,1,2,0,1,1,2,4,0,0,0,0,0,0,0,0,0,0,0,0,0,0,0,0,0,0,0,0,0,0,0,0,0,0,0,0,0,0,0,0,0,0,0,0,0,0,0,0,0,0,0,0,0,0,0,0,0,0,0,0,0,0,0,0,0,0,0,0,0,0,0,0,0,0,0,0,0,0,0,0,0,0,0,0,0,0,0,0,0,0,0,0,0,0,0,0,0,0,0,0,0,0,0,0,0,0,0
"6","FOJ.2",0,3,1,0,0,2,2,1,1,2,3,0,1,0,0,1,1,3,3,0,0,0,1,2,1,1,0,0,0,0,0,0,0,1,0,2,0,0,0,0,2,0,0,0,2,2,1,2,0,0,0,0,0,0,0,0,0,0,0,0,0,0,0,0,0,0,0,0,0,0,0,0,0,0,0,0,0,0,0,0,0,0,0,0,0,0,0,0,0,0,0,0,0,0,0,0,0,0,0,0,0,0,0,0,0,0,0,0,0,0,0,0,0,0,0,0,0,0,0,0,0,0,0,0,0,0,0,0,0,0,0,0,0,0,0,0,0,0,0,0,0,0,0,0
"7","FOJ.7",4,3,1,0,0,1,3,1,0,1,2,0,1,0,0,1,1,0,0,2,2,0,2,0,1,1,0,0,0,3,1,0,0,1,0,0,2,0,2,0,0,0,0,0,0,0,0,0,1,0,0,0,0,0,0,0,0,0,0,0,0,0,0,0,0,0,0,0,0,0,0,0,0,0,0,0,0,0,0,0,0,0,0,0,0,0,0,0,0,0,0,0,0,0,0,0,0,0,0,0,0,0,0,0,0,0,0,0,0,0,0,0,0,0,0,0,0,0,0,0,0,0,0,0,0,0,0,0,0,0,0,0,0,0,0,0,0,0,0,0,0,0,0,0
"8","FOJ.8",2,4,0,2,0,3,3,1,0,2,3,0,0,0,0,1,0,2,1,1,0,0,1,0,1,2,1,0,0,0,0,0,0,0,0,1,2,0,2,0,0,0,2,0,0,0,0,0,0,2,0,0,0,0,0,0,0,0,0,0,0,0,0,0,0,0,0,0,0,0,0,0,0,0,0,0,0,0,0,0,0,0,0,0,0,0,0,0,0,0,0,0,0,0,0,0,0,0,0,0,0,0,0,0,0,0,0,0,0,0,0,0,0,0,0,0,0,0,0,0,0,0,0,0,0,0,0,0,0,0,0,0,0,0,0,0,0,0,0,0,0,0,0,0
"9","FOJ.9",2,3,0,2,0,1,2,1,1,0,3,0,0,2,0,2,2,1,3,2,0,0,1,1,0,1,2,0,0,0,0,0,0,0,0,0,2,0,2,0,0,1,0,0,3,0,0,0,0,0,2,1,0,0,0,0,0,0,0,0,0,0,0,0,0,0,0,0,0,0,0,0,0,0,0,0,0,0,0,0,0,0,0,0,0,0,0,0,0,0,0,0,0,0,0,0,0,0,0,0,0,0,0,0,0,0,0,0,0,0,0,0,0,0,0,0,0,0,0,0,0,0,0,0,0,0,0,0,0,0,0,0,0,0,0,0,0,0,0,0,0,0,0,0
"10","FOJ.10",5,3,3,0,0,2,2,1,1,2,3,0,1,0,0,1,0,0,2,1,0,0,0,0,0,2,2,0,0,1,0,0,0,1,0,1,2,0,0,0,0,0,0,0,0,0,0,1,0,0,0,0,0,0,0,0,0,0,0,0,0,0,0,0,0,0,0,0,0,0,0,0,0,0,0,0,0,0,0,0,0,0,0,0,0,0,0,0,0,0,0,0,0,0,0,0,0,0,0,0,0,0,0,0,0,0,0,0,0,0,0,0,0,0,0,0,0,0,0,0,0,0,0,0,0,0,0,0,0,0,0,0,0,0,0,0,0,0,0,0,0,0,0,0
"11","FOJ.18",2,4,0,0,1,2,2,1,1,1,3,0,1,0,0,0,0,0,1,0,1,0,1,3,1,0,1,2,0,0,1,0,0,0,0,1,1,0,0,0,0,0,3,0,0,0,0,1,1,0,0,0,1,1,1,2,2,1,2,0,0,0,0,0,0,0,0,0,0,0,0,0,0,0,0,0,0,0,0,0,0,0,0,0,0,0,0,0,0,0,0,0,0,0,0,0,0,0,0,0,0,0,0,0,0,0,0,0,0,0,0,0,0,0,0,0,0,0,0,0,0,0,0,0,0,0,0,0,0,0,0,0,0,0,0,0,0,0,0,0,0,0,0,0
"12","FOJ.19",4,2,0,0,0,2,2,1,0,0,3,0,1,0,0,1,0,0,3,2,0,0,0,1,0,1,1,0,0,0,0,0,0,0,1,1,3,2,0,0,0,1,2,0,0,0,0,0,2,0,0,0,0,0,0,2,0,0,0,2,2,3,1,1,1,2,1,0,0,0,0,0,0,0,0,0,0,0,0,0,0,0,0,0,0,0,0,0,0,0,0,0,0,0,0,0,0,0,0,0,0,0,0,0,0,0,0,0,0,0,0,0,0,0,0,0,0,0,0,0,0,0,0,0,0,0,0,0,0,0,0,0,0,0,0,0,0,0,0,0,0,0,0,0
"13","FOJ.20",3,4,0,0,0,2,2,1,1,0,2,0,1,1,0,1,0,0,0,2,0,0,1,0,1,0,0,0,0,0,0,0,0,0,0,0,2,0,0,0,0,0,1,0,0,0,0,1,0,0,0,0,0,0,0,0,0,0,3,0,0,0,1,0,0,0,0,2,2,1,2,1,0,0,0,0,0,0,0,0,0,0,0,0,0,0,0,0,0,0,0,0,0,0,0,0,0,0,0,0,0,0,0,0,0,0,0,0,0,0,0,0,0,0,0,0,0,0,0,0,0,0,0,0,0,0,0,0,0,0,0,0,0,0,0,0,0,0,0,0,0,0,0,0
"14","DL.1",4,3,1,2,1,0,2,1,0,1,3,0,1,2,0,1,1,0,0,0,0,1,1,0,1,2,1,0,0,0,0,0,0,1,1,0,0,1,0,1,0,1,0,0,0,0,0,1,0,0,0,0,0,0,0,0,0,0,0,1,0,0,1,0,0,0,0,0,2,0,0,0,1,3,2,0,0,0,0,0,0,0,0,0,0,0,0,0,0,0,0,0,0,0,0,0,0,0,0,0,0,0,0,0,0,0,0,0,0,0,0,0,0,0,0,0,0,0,0,0,0,0,0,0,0,0,0,0,0,0,0,0,0,0,0,0,0,0,0,0,0,0,0,0
"15","DL.2",2,3,2,0,0,0,2,1,1,3,3,0,1,2,0,1,2,0,1,0,0,0,1,0,0,0,1,0,0,0,0,0,1,0,0,0,0,2,0,0,3,1,0,0,0,0,0,2,0,0,0,0,0,0,0,0,0,0,0,0,1,0,0,0,0,0,0,0,0,0,0,0,1,2,0,1,0,0,0,0,0,0,0,0,0,0,0,0,0,0,0,0,0,0,0,0,0,0,0,0,0,0,0,0,0,0,0,0,0,0,0,0,0,0,0,0,0,0,0,0,0,0,0,0,0,0,0,0,0,0,0,0,0,0,0,0,0,0,0,0,0,0,0,0
"16","FOJ.15",2,3,0,0,0,2,2,1,0,1,0,0,1,0,0,0,2,0,1,0,0,0,2,0,1,0,1,0,0,0,0,0,0,0,0,0,3,0,0,0,0,0,3,1,0,0,0,0,1,0,0,0,2,0,0,0,0,0,3,0,0,0,1,0,0,0,0,0,0,0,0,0,0,2,0,0,1,1,0,0,0,0,0,0,0,0,0,0,0,0,0,0,0,0,0,0,0,0,0,0,0,0,0,0,0,0,0,0,0,0,0,0,0,0,0,0,0,0,0,0,0,0,0,0,0,0,0,0,0,0,0,0,0,0,0,0,0,0,0,0,0,0,0,0
"17","FOJ.16",3,4,0,0,0,1,2,1,2,1,3,0,0,1,0,1,0,0,2,1,0,0,2,2,0,0,1,0,1,1,0,0,0,1,0,0,1,0,0,0,3,0,3,0,0,0,0,1,1,1,0,0,2,0,0,2,1,0,0,0,0,0,0,1,0,0,0,0,0,0,0,0,0,0,1,0,0,0,2,2,1,2,1,0,0,0,0,0,0,0,0,0,0,0,0,0,0,0,0,0,0,0,0,0,0,0,0,0,0,0,0,0,0,0,0,0,0,0,0,0,0,0,0,0,0,0,0,0,0,0,0,0,0,0,0,0,0,0,0,0,0,0,0,0
"18","FOJ.17",3,4,0,2,1,1,2,1,1,1,2,0,0,1,0,0,0,0,3,1,1,1,2,1,0,0,0,0,0,0,0,0,0,0,0,1,2,0,0,0,3,0,2,0,0,0,0,1,1,0,0,0,1,0,0,1,0,0,0,0,0,0,0,1,0,0,0,0,0,0,0,0,0,3,0,0,0,0,0,1,0,0,0,1,0,0,0,0,0,0,0,0,0,0,0,0,0,0,0,0,0,0,0,0,0,0,0,0,0,0,0,0,0,0,0,0,0,0,0,0,0,0,0,0,0,0,0,0,0,0,0,0,0,0,0,0,0,0,0,0,0,0,0,0
"19","FOJ.11",3,6,2,0,0,1,1,1,0,0,3,0,0,1,0,1,0,0,2,1,0,0,1,0,1,0,1,1,0,0,0,0,0,0,0,1,3,0,1,0,0,0,1,0,0,0,0,2,1,0,0,0,1,0,0,0,0,0,0,0,1,0,2,0,0,0,0,0,0,0,0,0,1,3,1,0,0,0,0,0,0,0,0,0,1,1,1,1,0,0,0,0,0,0,0,0,0,0,0,0,0,0,0,0,0,0,0,0,0,0,0,0,0,0,0,0,0,0,0,0,0,0,0,0,0,0,0,0,0,0,0,0,0,0,0,0,0,0,0,0,0,0,0,0
"20","FOJ.12",3,2,1,0,0,1,2,1,1,0,2,0,0,0,0,1,0,0,3,0,0,2,2,1,0,0,0,0,0,0,0,0,0,0,0,0,4,0,0,0,2,0,2,0,0,0,0,2,1,0,0,0,1,0,0,1,0,0,0,1,0,0,0,0,0,0,0,0,0,0,0,0,1,2,1,0,0,0,0,0,0,0,0,0,0,0,0,0,2,4,0,0,0,0,0,0,0,0,0,0,0,0,0,0,0,0,0,0,0,0,0,0,0,0,0,0,0,0,0,0,0,0,0,0,0,0,0,0,0,0,0,0,0,0,0,0,0,0,0,0,0,0,0,0
"21","FOJ.13",3,5,0,0,0,1,2,0,1,2,3,1,1,0,0,0,1,0,0,0,0,1,0,0,1,0,1,0,0,0,0,0,0,0,0,0,2,0,0,0,0,0,2,0,0,0,0,2,1,0,0,0,2,0,0,2,1,0,0,0,1,0,1,0,0,0,0,0,0,0,0,0,0,0,0,0,1,0,0,0,0,0,0,0,0,0,0,2,0,0,1,1,0,0,0,0,0,0,0,0,0,0,0,0,0,0,0,0,0,0,0,0,0,0,0,0,0,0,0,0,0,0,0,0,0,0,0,0,0,0,0,0,0,0,0,0,0,0,0,0,0,0,0,0
"22","FOJ.14",1,4,1,0,0,2,2,1,1,2,1,0,0,1,0,1,0,0,0,0,0,0,2,1,0,0,0,0,1,0,0,0,0,0,0,1,4,0,0,0,0,0,2,0,0,0,0,1,1,2,0,0,1,0,0,1,0,0,0,1,1,0,1,0,0,0,2,0,0,0,0,0,0,0,0,0,0,0,0,0,0,0,0,0,0,0,0,0,0,0,0,0,1,0,0,0,0,0,0,0,0,0,0,0,0,0,0,0,0,0,0,0,0,0,0,0,0,0,0,0,0,0,0,0,0,0,0,0,0,0,0,0,0,0,0,0,0,0,0,0,0,0,0,0
"23","TOA.11",1,4,1,0,1,0,2,0,0,1,3,1,1,0,0,1,3,0,0,0,0,0,2,0,0,0,0,0,0,0,0,0,0,0,0,0,3,1,1,0,3,1,0,0,0,0,0,1,1,0,0,0,0,0,0,0,0,0,0,0,0,0,2,0,0,0,0,0,0,0,0,0,0,0,0,0,1,0,0,0,0,0,0,0,0,0,0,0,0,0,0,0,0,1,2,1,2,3,0,0,0,0,0,0,0,0,0,0,0,0,0,0,0,0,0,0,0,0,0,0,0,0,0,0,0,0,0,0,0,0,0,0,0,0,0,0,0,0,0,0,0,0,0,0
"24","TOA.12",1,4,0,0,0,0,2,0,0,0,3,0,0,0,0,0,2,0,3,0,0,0,0,0,1,0,0,3,0,0,0,0,0,0,0,0,1,0,0,0,3,1,0,0,0,0,0,2,0,0,0,0,0,0,0,2,0,0,0,0,0,0,0,0,0,1,0,0,0,0,0,2,0,0,0,0,0,0,0,0,0,0,0,0,0,0,0,0,0,0,0,0,0,0,0,0,0,0,2,1,1,0,0,0,0,0,0,0,0,0,0,0,0,0,0,0,0,0,0,0,0,0,0,0,0,0,0,0,0,0,0,0,0,0,0,0,0,0,0,0,0,0,0,0
"25","TOA.13",2,3,0,0,0,2,2,1,1,1,3,0,0,1,0,1,1,0,3,2,0,2,1,2,0,0,1,0,0,0,0,0,0,1,0,1,2,1,0,0,0,0,0,0,0,0,0,2,1,0,0,0,0,0,0,0,0,0,0,1,0,0,0,0,0,0,0,0,0,0,0,0,0,2,1,0,1,0,0,0,0,2,0,0,0,0,0,0,0,0,0,0,0,0,0,0,0,0,0,0,0,3,0,0,0,0,0,0,0,0,0,0,0,0,0,0,0,0,0,0,0,0,0,0,0,0,0,0,0,0,0,0,0,0,0,0,0,0,0,0,0,0,0,0
"26","TOA.16",2,3,2,0,1,3,1,1,0,2,2,0,1,0,0,0,0,0,2,0,2,0,0,2,0,0,1,0,1,0,0,0,0,1,1,2,0,2,0,0,0,0,0,0,3,0,0,1,1,0,0,0,0,0,0,0,2,0,0,1,0,0,2,0,0,0,1,0,0,1,0,0,0,0,0,0,0,0,0,0,0,0,0,0,1,0,0,0,0,0,0,0,0,0,0,0,0,0,0,0,0,0,2,0,0,0,0,0,0,0,0,0,0,0,0,0,0,0,0,0,0,0,0,0,0,0,0,0,0,0,0,0,0,0,0,0,0,0,0,0,0,0,0,0
"27","TOA.17",4,0,2,0,0,1,3,1,1,0,2,0,1,0,0,1,0,0,0,0,1,0,1,0,0,0,1,1,1,0,0,0,2,0,1,0,0,2,2,0,3,0,2,0,0,0,0,1,1,0,0,0,0,0,0,0,1,0,0,0,1,0,1,0,0,0,0,0,0,0,0,0,0,0,0,1,0,0,0,0,0,0,0,0,0,0,2,0,0,0,0,0,0,0,0,0,2,2,0,0,0,0,0,3,0,0,0,0,0,0,0,0,0,0,0,0,0,0,0,0,0,0,0,0,0,0,0,0,0,0,0,0,0,0,0,0,0,0,0,0,0,0,0,0
"28","TOA.18",3,4,0,0,0,2,2,1,0,2,0,0,0,0,0,0,1,0,0,0,0,0,2,0,0,0,1,1,0,0,2,0,0,0,0,0,3,0,0,0,3,1,2,0,0,0,0,0,1,0,0,0,0,0,0,0,0,0,0,1,0,0,0,0,0,0,0,0,0,0,0,0,0,0,0,0,0,0,0,0,0,0,0,0,0,0,2,0,0,2,0,0,0,0,0,0,2,0,0,0,0,0,0,0,3,0,0,0,0,0,0,0,0,0,0,0,0,0,0,0,0,0,0,0,0,0,0,0,0,0,0,0,0,0,0,0,0,0,0,0,0,0,0,0
"29","TOA.19",2,0,1,1,0,1,2,1,0,0,0,2,0,0,0,0,2,0,0,0,0,0,3,0,0,0,1,2,0,0,0,0,0,0,0,0,4,0,0,0,2,0,3,0,0,0,0,0,0,0,0,0,0,0,0,3,0,0,0,0,0,0,0,0,0,0,0,0,0,0,0,0,0,0,0,0,0,0,0,0,0,0,0,0,1,0,3,0,0,0,0,0,0,0,0,0,0,0,0,0,0,0,0,0,3,3,2,0,0,0,0,0,0,0,0,0,0,0,0,0,0,0,0,0,0,0,0,0,0,0,0,0,0,0,0,0,0,0,0,0,0,0,0,0
"30","TOA.20",2,3,0,1,0,0,2,1,1,1,1,0,1,0,0,1,0,0,3,0,1,0,2,0,0,0,1,2,0,0,0,0,2,3,0,0,3,0,0,0,0,0,0,0,3,0,0,2,1,0,0,0,0,0,0,0,0,1,0,1,0,0,0,0,0,1,0,1,0,0,0,0,1,0,0,1,0,0,0,0,0,0,0,0,0,0,2,0,0,0,0,0,0,0,0,0,2,0,0,0,0,0,0,0,0,0,0,1,0,0,0,0,0,0,0,0,0,0,0,0,0,0,0,0,0,0,0,0,0,0,0,0,0,0,0,0,0,0,0,0,0,0,0,0
"31","TOA.7",0,5,0,0,0,0,3,1,2,0,1,0,0,0,0,0,2,0,1,0,0,0,0,2,0,0,0,0,0,0,0,0,2,0,0,1,0,0,0,0,2,0,0,0,0,0,0,0,0,0,0,0,0,0,0,0,0,0,0,0,0,0,0,0,0,0,0,0,0,1,0,0,0,0,0,0,0,0,2,0,0,0,0,0,0,0,0,0,0,0,0,0,0,0,0,0,0,0,0,0,0,0,0,0,0,0,0,0,0,0,0,0,0,0,0,0,0,0,0,0,0,0,0,0,0,0,0,0,0,0,0,0,0,0,0,0,0,0,0,0,0,0,0,0
"32","TOA.8",0,3,0,1,2,0,2,1,1,1,3,0,0,0,0,1,1,0,0,0,0,0,0,3,1,2,1,1,0,0,0,0,0,0,1,2,0,2,0,3,0,2,0,0,3,0,0,0,0,0,0,0,0,0,0,0,0,0,0,0,1,0,0,0,0,0,0,0,0,0,0,0,0,0,0,0,0,0,0,0,0,0,0,0,0,0,0,0,0,0,0,0,0,0,0,0,0,0,1,0,0,0,0,0,0,0,0,0,0,0,0,0,0,0,0,0,0,0,0,0,0,0,0,0,0,0,0,0,0,0,0,0,0,0,0,0,0,0,0,0,0,0,0,0
"33","TOA.9",4,3,3,0,0,0,2,1,1,1,3,0,1,0,0,2,2,0,0,0,0,0,0,0,0,0,1,1,0,0,0,0,0,0,1,2,0,2,0,0,3,2,0,0,0,0,0,1,0,1,0,0,0,0,0,0,0,0,0,0,2,0,0,0,0,0,1,0,0,1,0,0,0,0,0,0,0,0,0,0,0,0,0,0,0,0,0,0,0,0,0,0,0,0,0,0,0,0,0,0,0,0,0,0,0,0,0,0,1,0,0,0,0,0,0,0,0,0,0,0,0,0,0,0,0,0,0,0,0,0,0,0,0,0,0,0,0,0,0,0,0,0,0,0
"34","TOA.10",0,4,1,0,1,0,2,1,1,1,3,1,2,0,0,2,2,0,0,2,0,0,0,0,1,0,0,2,0,0,0,0,2,1,0,0,0,1,0,3,3,1,0,0,0,0,0,1,1,2,0,0,0,0,0,0,0,0,0,0,0,0,1,0,0,0,0,0,0,1,0,0,0,0,0,0,0,0,0,0,0,0,0,0,1,0,0,0,0,0,0,0,0,0,0,1,0,1,0,1,0,0,0,0,0,0,0,0,0,1,1,1,0,0,0,0,0,0,0,0,0,0,0,0,0,0,0,0,0,0,0,0,0,0,0,0,0,0,0,0,0,0,0,0
"35","TOA.14",2,1,0,0,0,2,2,1,1,1,3,1,0,0,0,0,1,0,2,0,0,0,0,0,0,0,1,2,0,0,0,0,0,2,0,0,3,0,0,1,3,1,3,0,0,0,0,2,0,0,0,0,0,0,0,0,0,0,0,1,0,0,2,0,0,0,0,3,0,0,0,0,0,0,0,1,0,0,0,0,0,0,0,0,0,0,0,0,0,0,0,0,0,0,0,0,2,1,0,0,0,0,0,0,0,0,0,0,0,0,0,0,2,3,0,0,0,0,0,0,0,0,0,0,0,0,0,0,0,0,0,0,0,0,0,0,0,0,0,0,0,0,0,0
"36","TOA.15",0,0,3,0,0,0,3,1,0,0,4,1,0,1,0,0,1,0,0,0,0,0,0,0,0,0,1,2,0,0,0,0,0,0,0,0,4,1,0,0,2,1,2,0,0,0,0,1,1,1,0,0,0,0,0,0,0,0,0,0,0,0,0,0,2,1,0,2,0,1,0,3,1,0,2,1,0,0,0,0,0,2,0,0,1,0,0,0,0,0,0,0,0,0,0,0,2,1,0,0,0,0,0,0,0,0,0,0,0,0,0,0,0,0,1,2,1,3,1,0,0,0,0,0,0,0,0,0,0,0,0,0,0,0,0,0,0,0,0,0,0,0,0,0
"37","DL.10",3,4,2,0,1,0,2,1,0,2,3,0,0,0,0,0,2,2,1,2,0,0,1,0,1,0,0,0,0,2,2,0,0,0,0,0,2,0,0,0,0,0,0,0,0,0,0,0,0,0,0,0,0,0,0,0,0,0,0,0,0,0,0,0,0,0,0,0,0,0,0,0,0,0,0,0,0,0,0,0,0,0,0,0,0,0,0,0,0,0,0,0,0,1,0,0,0,0,0,0,0,0,0,0,0,0,0,0,0,0,0,0,0,0,0,0,0,0,0,0,0,0,0,0,0,0,0,0,0,0,0,0,0,0,0,0,0,0,0,0,0,0,0,0
"38","TOA.1",3,3,0,0,0,2,3,1,0,3,2,0,1,0,0,1,0,0,0,0,0,0,2,0,1,1,0,1,0,0,0,0,0,0,0,2,1,2,0,0,0,0,0,0,0,0,0,1,0,0,0,0,0,0,0,0,0,0,0,0,0,0,0,0,0,0,0,0,0,0,0,0,0,0,0,0,0,0,0,0,0,0,0,0,0,0,0,0,0,0,0,0,2,0,0,0,0,0,0,0,0,0,0,0,0,0,0,0,0,0,0,0,0,0,0,0,0,0,0,0,0,0,0,0,0,0,0,0,0,0,0,0,0,0,0,0,0,0,0,0,0,0,0,0
"39","TOA.2",0,2,0,0,2,0,2,0,0,0,3,1,1,0,0,0,1,0,0,0,0,0,0,0,1,0,0,2,0,0,0,1,0,0,0,0,0,0,3,0,4,1,0,0,0,0,0,3,0,0,0,0,0,0,0,0,0,0,0,0,0,0,0,0,0,0,1,0,0,0,0,0,0,0,0,0,0,0,0,0,0,0,0,0,0,0,0,0,0,0,0,0,0,0,0,0,0,0,0,0,0,0,0,0,0,0,0,0,0,0,0,0,0,0,0,0,0,0,0,1,0,0,0,0,0,0,0,0,0,0,0,0,0,0,0,0,0,0,0,0,0,0,0,0
"40","TOA.3",1,3,0,0,1,0,3,0,0,0,3,0,0,0,0,1,0,0,1,0,2,0,0,0,1,0,0,0,0,0,0,0,0,0,0,0,0,0,0,0,2,1,0,0,0,0,0,1,0,0,0,0,0,0,0,0,0,0,0,0,0,0,0,0,0,0,0,0,0,0,0,0,0,0,0,0,0,0,1,0,0,0,0,0,0,0,0,0,0,0,0,0,0,0,0,0,0,0,2,2,0,0,0,0,0,0,0,0,0,0,0,0,0,0,0,0,0,0,0,0,2,3,1,1,1,1,2,0,0,0,0,0,0,0,0,0,0,0,0,0,0,0,0,0
"41","TOA.4",2,3,0,0,1,0,3,0,0,0,3,0,0,0,0,0,0,0,0,0,0,0,0,0,1,0,0,0,0,0,0,0,0,0,0,0,0,0,0,0,3,0,0,0,0,0,0,0,0,0,0,0,0,0,0,0,0,0,0,0,0,0,0,0,0,0,0,0,0,0,0,0,0,0,0,0,0,0,0,0,0,0,0,0,1,0,0,0,0,0,0,0,0,0,0,1,0,0,1,1,0,0,0,0,0,0,0,0,0,0,0,0,0,0,0,0,0,0,0,0,0,1,0,0,0,0,0,1,0,0,0,0,0,0,0,0,0,0,0,0,0,0,0,0
"42","TOA.5",4,3,2,0,1,0,2,1,0,0,4,0,1,0,0,1,2,0,0,0,0,0,0,1,1,0,0,0,0,0,0,0,0,0,0,0,0,0,0,0,2,0,0,0,0,0,0,0,0,0,0,0,0,0,0,0,0,0,0,0,0,0,2,0,0,0,0,0,0,2,0,0,0,0,0,0,0,0,0,0,0,0,0,0,0,0,0,0,0,0,0,0,0,0,0,1,0,0,1,0,0,0,0,0,0,0,0,0,0,0,0,0,0,0,0,0,0,0,0,0,0,2,0,2,0,0,0,0,0,0,0,0,0,0,0,0,0,0,0,0,0,0,0,0
"43","TOA.6",0,5,2,0,2,0,2,0,0,0,3,0,0,0,0,1,2,0,0,0,0,0,0,0,1,2,0,2,0,0,1,0,0,0,0,0,0,0,0,0,0,0,0,0,0,0,0,0,0,0,0,0,0,0,0,0,0,0,0,0,0,0,0,0,0,0,0,0,0,0,0,0,0,0,0,0,0,0,0,0,0,0,0,0,0,0,0,0,0,0,0,0,0,0,0,0,0,0,0,1,0,0,0,0,0,0,0,0,0,0,0,0,0,0,0,0,0,0,0,0,0,3,0,0,0,0,0,0,0,0,0,0,0,0,0,0,0,0,0,0,0,0,0,0
"44","DL.6",0,4,0,1,1,0,3,1,0,1,2,1,1,1,0,0,1,0,2,2,0,0,0,2,0,0,1,0,0,0,0,0,0,0,0,0,0,1,0,2,0,1,0,0,3,0,0,1,0,0,0,0,0,0,0,0,0,0,0,0,1,0,1,1,0,0,0,0,1,0,0,0,0,2,0,1,0,0,0,0,0,0,0,0,0,0,0,0,0,0,0,0,0,0,0,0,0,0,0,0,0,0,0,0,0,0,0,0,0,0,0,0,0,0,0,0,0,0,0,0,0,0,0,0,0,0,0,0,3,2,0,0,0,0,0,0,0,0,0,0,0,0,0,0
"45","DL.7",3,5,0,0,0,0,2,1,0,0,2,1,2,1,0,0,0,0,1,3,0,0,0,1,0,0,1,0,0,0,0,0,0,0,0,1,0,1,0,2,2,1,0,0,0,0,0,1,0,0,0,0,0,0,0,0,0,0,0,0,1,0,1,0,0,0,0,1,1,0,0,0,0,0,0,1,0,0,0,0,0,0,0,0,0,0,0,0,0,0,0,0,0,0,0,0,0,0,0,0,0,0,0,0,0,0,0,1,0,0,2,0,0,0,0,0,0,0,0,0,0,0,0,0,0,0,0,0,2,0,0,0,0,0,0,0,0,0,0,0,0,0,0,0
"46","DL.8",3,3,0,0,0,0,2,1,1,2,1,0,0,3,0,1,0,0,2,2,0,0,1,1,0,0,0,0,0,3,0,0,0,0,0,1,0,1,0,0,4,1,0,0,0,0,0,0,0,0,0,0,0,0,0,0,0,0,0,0,1,0,0,1,0,0,0,0,0,0,0,0,0,0,0,1,0,0,0,0,0,0,0,0,0,0,0,0,0,0,0,0,0,0,0,0,0,0,0,0,0,0,0,0,0,0,0,0,0,0,0,0,0,0,0,0,0,0,0,0,0,0,0,0,0,0,0,0,2,0,0,0,0,0,0,0,0,0,0,0,0,0,0,0
"47","DL.9",0,3,1,0,0,0,2,1,0,3,1,0,0,3,0,0,0,0,2,3,0,0,1,0,0,0,0,2,0,3,0,0,0,0,0,0,2,1,0,0,3,1,0,0,0,0,0,0,0,0,0,0,0,0,0,0,0,0,0,0,0,0,0,1,0,0,0,0,0,0,0,0,0,0,0,1,0,0,0,0,0,0,0,0,0,0,0,0,0,0,0,0,0,1,0,0,0,0,0,0,0,0,0,0,0,0,0,0,0,0,0,0,0,0,0,0,0,0,0,0,0,0,0,0,0,0,0,0,0,0,0,0,0,0,0,0,0,0,0,0,0,0,0,0
"48","DL.3",4,3,0,1,1,1,2,1,1,3,2,0,1,2,0,1,0,0,1,2,0,0,0,1,1,1,0,0,1,0,0,0,0,1,0,1,0,2,0,0,0,0,0,0,0,0,0,1,0,0,0,0,0,0,0,0,0,0,0,0,0,0,1,0,0,0,0,0,0,0,0,0,1,3,0,2,1,0,0,0,0,0,0,0,0,0,0,0,0,0,0,0,0,0,0,0,0,0,0,0,0,0,0,0,0,0,0,0,0,0,0,0,0,0,0,0,0,0,0,0,0,0,0,0,0,0,0,0,0,0,0,0,0,0,0,0,0,0,0,0,0,0,0,0
"49","DL.4",2,3,2,2,1,0,3,1,0,1,2,1,1,1,0,1,0,2,0,2,0,0,2,2,0,0,0,2,0,0,0,0,0,0,0,0,0,2,0,0,2,1,0,0,0,0,0,1,0,2,0,0,0,0,0,0,0,0,0,0,0,0,0,0,0,0,0,0,0,1,0,0,0,0,0,0,0,0,0,1,0,0,0,0,0,0,0,0,0,0,0,0,0,0,1,0,0,0,0,0,0,0,0,0,0,0,0,0,0,0,0,0,0,0,0,0,0,0,0,0,0,0,0,0,0,0,0,0,0,0,1,0,0,0,0,0,0,0,0,0,0,0,0,0
"50","DL.5",2,3,0,0,0,0,2,1,1,1,1,0,0,1,0,1,1,0,1,2,0,0,2,1,1,1,1,0,1,0,0,0,0,1,1,1,1,1,0,3,1,0,0,0,4,0,0,0,0,0,0,0,0,0,0,0,0,0,0,0,2,0,1,0,0,0,0,0,0,0,0,0,0,0,0,0,0,0,0,0,0,0,0,0,0,0,0,0,0,0,0,0,0,0,0,0,0,0,0,0,0,0,0,0,0,0,0,0,0,0,0,0,0,0,0,0,0,0,0,0,0,0,0,0,0,0,0,0,0,2,0,0,0,0,0,0,0,0,0,0,0,0,0,0
"51","DL.19",3,3,0,0,1,0,3,1,1,0,2,0,1,1,0,1,1,0,2,1,0,0,1,3,1,1,1,0,0,0,0,0,0,0,0,1,2,1,0,0,1,1,0,0,0,0,0,1,1,1,0,0,0,0,0,0,0,0,0,0,0,0,2,0,0,0,0,0,2,0,0,0,0,0,0,1,0,0,1,0,0,0,0,0,0,0,0,0,0,1,0,0,0,0,0,0,0,0,0,0,0,0,0,0,0,0,0,0,0,0,1,0,0,0,0,0,0,0,0,0,0,0,0,0,0,0,0,0,2,1,0,1,0,0,0,0,0,0,0,0,0,0,0,0
"52","DL.20",1,2,0,0,1,1,2,1,1,1,1,1,0,0,0,0,1,0,4,0,0,0,1,2,0,1,0,0,0,0,0,2,0,2,0,1,1,1,0,1,2,2,0,0,0,0,0,1,0,0,0,0,0,0,0,0,0,0,0,0,0,0,2,0,0,0,2,1,2,0,0,0,0,0,0,0,0,0,0,0,0,0,0,0,0,0,0,0,0,2,0,0,0,0,1,0,0,0,0,0,0,0,0,0,0,0,0,0,0,0,1,0,0,0,0,0,0,0,0,0,0,0,0,0,0,0,0,1,0,0,0,0,1,0,0,0,0,0,0,0,0,0,0,0
"53","DL.14",3,3,0,0,0,1,2,1,1,0,1,0,1,1,0,0,1,0,2,0,0,0,1,0,1,1,1,0,0,0,0,0,0,0,0,2,2,1,0,2,0,0,2,0,0,0,0,1,1,0,0,0,0,0,0,0,0,0,0,0,1,0,2,1,0,0,0,2,1,0,0,0,1,4,1,0,0,0,0,0,0,0,0,0,0,0,0,0,0,1,0,1,0,0,0,0,0,0,0,0,0,0,0,0,0,0,0,0,0,0,0,0,1,0,0,0,0,0,0,0,0,0,0,0,0,0,0,0,0,0,0,0,0,3,2,1,1,0,0,0,0,0,0,0
"54","DL.15",1,4,0,0,0,2,2,1,1,2,2,0,1,1,0,0,0,0,2,2,0,0,1,2,0,2,1,0,0,0,0,0,0,0,0,1,1,2,0,3,3,1,0,0,0,0,0,1,0,0,2,0,0,0,0,0,0,0,0,0,0,0,0,0,0,0,0,0,2,0,0,0,0,0,0,1,0,0,0,0,0,0,0,0,0,0,0,0,0,0,0,0,0,0,0,0,0,0,0,0,0,0,0,0,0,0,0,0,0,0,0,0,0,0,0,0,0,0,0,0,0,0,0,0,0,0,0,0,0,0,0,0,0,0,0,0,0,1,1,3,0,0,0,0
"55","DL.16",1,4,0,0,1,0,2,1,1,1,1,2,1,0,0,1,1,0,2,0,2,2,1,0,0,2,0,0,1,0,0,0,0,0,0,2,0,1,0,0,2,1,0,0,0,0,0,1,0,0,0,0,0,0,0,0,0,1,0,0,0,0,1,0,0,0,1,0,0,0,0,0,0,2,0,1,0,0,0,0,0,0,0,0,0,0,0,0,0,0,0,2,0,0,3,0,0,0,0,0,0,0,0,0,0,0,0,0,0,0,0,0,0,0,0,0,0,0,0,0,0,0,0,0,0,0,0,0,0,0,0,0,0,0,0,0,0,0,0,0,0,0,0,0
"56","DL.17",0,2,0,0,0,0,3,1,1,0,2,0,1,2,0,0,2,1,2,2,0,0,0,0,0,1,1,0,0,0,0,0,1,0,0,1,3,0,0,1,4,2,0,0,0,0,0,0,1,0,0,0,0,0,0,0,0,0,0,1,0,0,1,0,0,0,2,0,1,0,0,1,0,0,1,0,0,0,0,0,0,0,0,0,0,0,0,0,0,2,0,0,0,0,1,0,0,0,0,1,0,0,0,0,0,0,0,1,0,0,0,0,2,0,0,0,0,0,0,0,0,0,0,0,0,0,0,0,0,0,0,0,0,2,0,0,0,0,0,0,1,0,0,0
"57","DL.18",4,3,0,0,0,2,1,0,1,1,2,1,1,2,0,1,1,0,3,1,0,0,1,0,0,1,1,0,0,0,0,0,0,0,0,3,0,0,0,0,3,1,0,0,0,0,0,1,0,0,0,0,0,0,0,1,0,0,0,0,0,0,0,0,0,0,0,1,0,0,0,1,0,0,0,1,1,0,0,0,0,0,0,0,0,0,0,0,0,0,0,0,0,0,0,0,0,0,0,0,0,0,0,0,0,0,0,1,0,0,0,0,0,2,0,0,0,0,0,0,0,0,0,0,0,0,0,0,0,0,0,0,0,0,0,0,0,0,0,0,0,0,0,0
"58","DL.11",1,4,3,0,0,0,2,1,0,1,2,0,1,0,0,0,2,0,0,1,0,2,1,1,0,1,1,0,0,0,0,0,0,0,1,2,1,1,0,0,0,0,2,1,0,0,0,1,1,0,0,0,0,0,0,1,0,0,0,1,0,0,0,0,0,0,0,0,1,0,0,0,0,4,1,1,0,0,0,1,0,0,0,0,0,0,0,0,0,0,0,0,1,0,0,0,0,0,0,0,0,0,0,0,0,0,0,0,0,0,0,0,0,0,0,0,0,0,0,0,0,0,0,0,0,0,0,0,0,0,0,0,0,1,0,0,0,0,0,0,0,2,1,0
"59","DL.12",2,3,0,1,0,1,2,1,0,2,0,0,1,1,0,0,0,0,1,1,0,0,0,1,0,0,1,0,0,0,0,0,0,0,0,2,2,1,0,2,0,0,0,0,0,0,0,1,1,0,2,0,0,0,0,0,2,0,0,1,1,0,2,1,0,0,0,1,0,0,0,0,0,4,0,0,0,0,0,0,0,2,0,0,0,4,1,0,0,0,0,0,0,0,0,0,0,0,0,0,0,0,0,0,0,0,0,0,0,0,0,0,0,0,0,0,0,0,0,0,0,0,0,0,0,0,0,0,0,0,0,3,0,1,0,2,0,0,0,0,0,0,0,0
"60","DL.13",4,3,0,0,1,0,3,1,0,0,1,0,1,0,0,0,1,0,0,0,2,0,2,2,0,0,1,0,0,0,1,0,0,0,0,1,0,1,0,2,2,1,0,0,0,0,0,1,1,0,0,0,0,0,0,0,0,0,0,1,0,0,2,1,0,0,0,2,1,0,0,0,1,3,0,1,0,0,0,0,0,0,0,0,0,0,0,0,0,0,0,0,0,0,1,0,0,0,0,0,0,0,0,0,0,0,0,0,0,0,2,0,0,0,0,0,0,0,0,0,0,0,0,0,0,0,0,0,2,0,0,0,1,1,0,0,0,0,0,0,0,0,0,1
