site,plot,fire_freq,gwc_percent,OM,P1,P2,K,Mg,Ca,pH,BpH,hMeq,CEC,percent_K,percent_Mg,percent _Ca,percent_H,NO3
TOA,1,Annual,3.2,3.1,6,9,25,71,402,5.8,6.9,0.6,3.3,1.9,17.9,60.9,19.3,1
TOA,2,Annual,8.7,1.5,6,7,21,57,225,5.2,6.8,0.9,2.6,2.1,18.3,43.3,36.3,1
TOA,3,Annual,13.5,2.2,8,9,23,25,109,4.8,6.6,0.7,1.5,3.9,13.9,36.3,45.9,1
TOA,4,Annual,9.3,1.9,6,9,20,38,152,5,6.7,0.8,1.9,2.7,16.7,40,40.6,1
TOA,5,Annual,11.3,1.9,6,7,23,38,197,5.1,6.8,0.8,2.2,2.7,14.4,44.8,38.1,1
TOA,6,Annual,11.2,1.7,7,10,20,35,164,5,6.7,0.8,2,2.6,14.6,41,41.8,1
TOA,7,Annual,4.1,2.5,7,9,21,74,326,5.3,6.7,1,3.3,1.6,18.7,49.4,30.3,1
TOA,8,Annual,3.1,1.4,5,6,22,56,214,5.3,6.8,0.7,2.3,2.5,20.3,46.5,30.7,1
TOA,9,Annual,4,2.2,6,8,21,77,374,5.7,6.9,0.7,3.3,1.6,19.4,56.7,22.3,3
TOA,10,Annual,4.5,2.4,6,8,35,68,333,5.4,6.8,0.9,3.2,2.8,17.7,52,27.5,1
TOA,11,Maintenance,3.2,1.8,7,9,21,64,334,5.5,6.8,0.8,3.1,1.7,17.2,53.9,27.2,1
TOA,12,Maintenance,15,4,10,11,29,46,207,4.6,6.2,1.8,3.3,2.3,11.6,31.4,54.7,2
TOA,13,Maintenance,5.6,2.7,8,10,35,66,328,5.3,6.7,1,3.3,2.7,16.7,49.7,30.9,1
TOA,14,Maintenance,4,2.7,9,12,39,79,377,5.4,6.7,1.1,3.7,2.7,17.8,50.9,28.6,1
TOA,15,Maintenance,5.3,2.8,7,8,34,81,500,5.5,6.8,1.1,4.4,2,15.3,56.8,25.9,2
TOA,16,Maintenance,3.9,2.8,8,9,32,87,431,5.5,6.7,1,4,2.1,18.1,53.9,25.9,2
TOA,17,Maintenance,4,2.5,7,9,35,96,462,5.7,6.7,0.9,4.1,2.2,19.5,56.3,22,2
TOA,18,Maintenance,5.2,2.1,6,7,30,78,328,5.4,6.7,0.9,3.3,2.3,19.7,49.7,28.3,2
TOA,19,Maintenance,6.1,4.1,8,10,41,176,689,5.7,6.5,1.3,6.3,1.7,23.3,54.7,20.3,3
TOA,20,Maintenance,3.6,2.1,7,9,23,69,310,5.5,6.7,0.8,3,2,19.2,51.7,27.1,1
DL,1,Annual,5.7,2.4,5,6,24,66,343,5.6,6.6,0.7,3,2.1,18.3,57.2,22.4,1
DL,2,Annual,6.2,1.8,5,7,23,63,384,5.6,6.9,0.8,3.3,1.8,15.9,58.2,24.1,1
DL,3,Annual,13.5,7.3,10,11,36,113,555,5.5,6.5,1.3,5.1,1.8,18.5,54.4,25.3,1
DL,4,Annual,5.3,1.7,5,7,24,65,305,5.3,6.7,1,3.1,2,17.5,49.2,31.3,1
DL,5,Annual,8.3,2.4,6,8,36,95,423,5.7,6.9,0.8,3.8,2.4,20.8,55.7,21.1,1
DL,6,Annual,6.3,2.3,6,7,19,59,247,5.2,6.6,0.9,2.7,1.8,18.2,45.7,34.3,1
DL,7,Annual,5.9,2.3,5,7,22,68,336,5.5,6.7,0.8,3.1,1.8,18.3,54.2,25.7,1
DL,8,Annual,4.8,2.5,7,8,30,91,413,5.6,6.5,0.9,3.8,2,20,54.3,23.7,1
DL,9,Annual,8.3,3.1,7,8,49,103,597,5.7,6.5,1.1,5.1,2.5,16.8,58.5,22.2,1
DL,10,Annual,5.3,1.2,5,7,24,35,205,5.4,6.7,0.5,1.9,3.2,15.4,53.9,27.5,1
DL,11,Maintenance,9.4,2.6,7,9,28,109,546,5.8,6.7,0.9,4.6,1.6,19.7,59.3,19.4,1
DL,12,Maintenance,11.5,3,12,13,35,95,480,5.5,6.5,1.2,4.5,2,17.6,53.3,27.1,1
DL,13,Maintenance,9.2,2.6,8,9,24,111,525,5.8,6.7,0.8,4.4,1.4,21,59.7,17.9,1
DL,14,Maintenance,12.8,5.9,9,11,45,126,630,5.6,6.9,1.3,5.6,2.1,18.8,56.2,22.9,1
DL,15,Maintenance,12.4,7.2,9,12,43,145,722,5.8,6.6,1.2,6.1,1.8,19.8,59.2,19.2,1
DL,16,Maintenance,6.1,1.9,7,9,21,60,301,5.6,6.8,0.6,2.7,2,18.5,55.7,23.8,1
DL,17,Maintenance,14.4,6.6,9,11,41,80,454,5,6,2.1,5.1,2.1,13.1,44.5,40.3,1
DL,18,Maintenance,7.4,2.5,9,11,33,66,338,5.5,6.6,0.8,3.1,2.7,17.7,54.5,25.1,2
DL,19,Maintenance,6.3,2.7,6,8,27,77,404,5.5,6.6,1,3.7,1.9,17.3,54.6,26.2,3
DL,20,Maintenance,8.7,2.1,9,11,25,64,288,5.2,6.5,1.1,3.1,2.1,17.2,46.5,34.2,1
FOJ,1,Annual,11.9,6.9,6,7,39,138,764,5.5,6.5,1.8,6.9,1.4,16.7,55.4,26.5,1
FOJ,2,Annual,5.2,3.1,6,7,24,93,432,5.6,6.7,0.9,3.9,1.6,19.9,55.4,23.1,1
FOJ,3,Annual,7.6,2.1,5,7,21,77,416,5.7,6.8,0.7,3.5,1.5,18.3,59.4,20.8,2
FOJ,4,Annual,8.5,6.4,5,7,45,124,647,5.7,6.5,1.2,5.6,2.1,18.5,57.8,21.6,1
FOJ,5,Annual,9.7,4.6,5,7,25,106,540,5.4,6.4,1.5,5.1,1.3,17.3,52.9,28.5,1
FOJ,6,Annual,12.8,7.6,6,9,42,172,920,5.8,6.5,1.4,7.5,1.4,19.1,61.3,18.2,1
FOJ,7,Annual,12.2,7.7,6,8,47,174,865,5.6,6.3,1.8,7.7,1.6,18.8,56.2,23.4,1
FOJ,8,Annual,7.8,4.3,5,7,24,84,427,5.4,6.6,1.2,4.1,1.5,17.1,52.1,29.3,2
FOJ,9,Annual,8.8,3.8,5,6,30,77,406,5.4,6.6,1.1,3.8,2,16.9,53.4,27.7,1
FOJ,10,Annual,15.3,10.3,5,7,57,178,976,5.7,6.6,1.7,8.2,1.8,18.1,59.5,20.6,9
FOJ,11,Maintenance,18.3,10.4,8,9,47,190,986,5.6,6.1,2,8.6,1.4,18.4,57.3,22.9,1
FOJ,12,Maintenance,11.6,5.8,8,9,34,124,551,5.4,6.4,1.5,5.4,1.6,19.1,51,28.3,1
FOJ,13,Maintenance,8.9,4.6,7,9,23,97,552,5.5,6.5,1.3,4.9,1.2,16.5,56.3,26,1
FOJ,14,Maintenance,13.3,7.6,7,8,41,118,686,5.5,6.4,1.6,6.1,1.7,16.1,56.2,26,2
FOJ,15,Maintenance,6.2,5.1,8,10,25,71,455,5.6,6.6,0.9,3.8,1.7,15.6,59.9,22.8,1
FOJ,16,Maintenance,17.8,7.8,7,10,45,175,822,5.8,6.5,1.3,7,1.6,20.8,58.7,18.9,2
FOJ,17,Maintenance,10.6,4.1,6,8,35,108,541,5.6,6.6,1.1,4.8,1.9,18.8,56.4,22.9,1
FOJ,18,Maintenance,8.1,2.2,5,7,20,74,396,5.8,6.9,0.6,3.2,1.6,19.3,61.9,17.2,2
FOJ,19,Maintenance,19.6,12.9,7,8,40,135,772,5.4,6,2,7.1,1.4,15.8,54.4,28.4,1
FOJ,20,Maintenance,9,5,7,9,20,73,373,5.2,6.3,1.3,3.8,1.3,16,49.1,33.6,1